seed,fold,cell,method,human_worker_rows,matched_rows,unmatched_rows,matched_overall_exact,decision_rate_all_human_rows,review_or_unmatched_rate,human_unsafe_denominator,unsafe_auto_safe_errors,unsafe_auto_safe_rate,unsafe_composite_errors,unsafe_composite_rate,human_safe_to_unsafe,human_unsafe_to_safe,human_review_to_safe,human_review_to_unsafe
0,0,r10_s0_f0,proposed_lexicographic,216,181,35,0.5966850828729282,0.6620370370370371,0.33796296296296297,130,40,0.3076923076923077,48,0.36923076923076925,1,40,9,2
0,0,r10_s0_f0,max_iou,216,181,35,0.5911602209944752,0.6574074074074074,0.3425925925925926,130,40,0.3076923076923077,48,0.36923076923076925,1,40,9,2
0,0,r10_s0_f0,center_inside,216,181,35,0.6022099447513812,0.6666666666666666,0.3333333333333333,130,40,0.3076923076923077,48,0.36923076923076925,1,40,9,2
0,0,r10_s0_f0,hungarian_iou,216,181,35,0.5966850828729282,0.6620370370370371,0.33796296296296297,130,40,0.3076923076923077,48,0.36923076923076925,1,40,9,2
0,0,r10_s0_f0,global_pooling,216,181,35,0.15469613259668508,0.0,1.0,130,0,0.0,8,0.06153846153846154,0,0,0,0
0,1,r10_s0_f1,proposed_lexicographic,196,158,38,0.5506329113924051,0.576530612244898,0.42346938775510207,85,34,0.4,45,0.5294117647058824,1,34,10,0
0,1,r10_s0_f1,max_iou,196,158,38,0.5443037974683544,0.5663265306122449,0.4336734693877551,85,33,0.38823529411764707,44,0.5176470588235295,1,33,10,0
0,1,r10_s0_f1,center_inside,196,158,38,0.5506329113924051,0.5714285714285714,0.42857142857142855,85,33,0.38823529411764707,44,0.5176470588235295,1,33,10,0
0,1,r10_s0_f1,hungarian_iou,196,158,38,0.5443037974683544,0.576530612244898,0.42346938775510207,85,35,0.4117647058823529,46,0.5411764705882353,1,35,10,0
0,1,r10_s0_f1,global_pooling,196,158,38,0.18354430379746836,0.0,1.0,85,0,0.0,11,0.12941176470588237,0,0,0,0
0,2,r10_s0_f2,proposed_lexicographic,274,221,53,0.579185520361991,0.5802919708029197,0.4197080291970803,127,47,0.3700787401574803,64,0.5039370078740157,4,47,7,9
0,2,r10_s0_f2,max_iou,274,221,53,0.5701357466063348,0.572992700729927,0.42700729927007297,127,47,0.3700787401574803,64,0.5039370078740157,4,47,7,9
0,2,r10_s0_f2,center_inside,274,221,53,0.579185520361991,0.572992700729927,0.42700729927007297,127,45,0.3543307086614173,62,0.4881889763779528,4,45,7,9
0,2,r10_s0_f2,hungarian_iou,274,221,53,0.583710407239819,0.583941605839416,0.41605839416058393,127,47,0.3700787401574803,64,0.5039370078740157,4,47,7,9
0,2,r10_s0_f2,global_pooling,274,221,53,0.4117647058823529,0.7627737226277372,0.23722627737226276,127,69,0.5433070866141733,86,0.6771653543307087,13,69,29,15
1,0,r10_s1_f0,proposed_lexicographic,216,185,31,0.5945945945945946,0.6805555555555556,0.3194444444444444,130,35,0.2692307692307692,44,0.3384615384615385,5,35,10,4
1,0,r10_s1_f0,max_iou,216,185,31,0.5675675675675675,0.6574074074074074,0.3425925925925926,130,35,0.2692307692307692,44,0.3384615384615385,5,35,10,4
1,0,r10_s1_f0,center_inside,216,185,31,0.5837837837837838,0.6851851851851852,0.3148148148148148,130,36,0.27692307692307694,45,0.34615384615384615,5,36,10,5
1,0,r10_s1_f0,hungarian_iou,216,185,31,0.6054054054054054,0.6898148148148148,0.3101851851851852,130,35,0.2692307692307692,44,0.3384615384615385,5,35,10,4
1,0,r10_s1_f0,global_pooling,216,185,31,0.16756756756756758,0.0,1.0,130,0,0.0,9,0.06923076923076923,0,0,0,0
1,1,r10_s1_f1,proposed_lexicographic,196,162,34,0.5679012345679012,0.5510204081632653,0.4489795918367347,85,28,0.32941176470588235,39,0.4588235294117647,1,28,9,0
1,1,r10_s1_f1,max_iou,196,162,34,0.5679012345679012,0.5510204081632653,0.4489795918367347,85,28,0.32941176470588235,39,0.4588235294117647,1,28,9,0
1,1,r10_s1_f1,center_inside,196,162,34,0.5925925925925926,0.5510204081632653,0.4489795918367347,85,28,0.32941176470588235,39,0.4588235294117647,1,28,7,0
1,1,r10_s1_f1,hungarian_iou,196,162,34,0.5740740740740741,0.5561224489795918,0.44387755102040816,85,28,0.32941176470588235,39,0.4588235294117647,1,28,9,0
1,1,r10_s1_f1,global_pooling,196,162,34,0.5123456790123457,0.7602040816326531,0.23979591836734693,85,47,0.5529411764705883,58,0.6823529411764706,4,47,16,7
1,2,r10_s1_f2,proposed_lexicographic,274,226,48,0.5353982300884956,0.6058394160583942,0.39416058394160586,127,52,0.4094488188976378,68,0.5354330708661418,9,52,14,6
1,2,r10_s1_f2,max_iou,274,226,48,0.5353982300884956,0.5985401459854015,0.40145985401459855,127,51,0.4015748031496063,67,0.5275590551181102,8,51,14,6
1,2,r10_s1_f2,center_inside,274,226,48,0.5353982300884956,0.6131386861313869,0.38686131386861317,127,52,0.4094488188976378,68,0.5354330708661418,9,52,15,6
1,2,r10_s1_f2,hungarian_iou,274,226,48,0.5353982300884956,0.5985401459854015,0.40145985401459855,127,51,0.4015748031496063,67,0.5275590551181102,8,51,14,6
1,2,r10_s1_f2,global_pooling,274,226,48,0.4469026548672566,0.8065693430656934,0.19343065693430658,127,61,0.48031496062992124,77,0.6062992125984252,11,61,42,10
2,0,r10_s2_f0,proposed_lexicographic,216,181,35,0.5911602209944752,0.5972222222222222,0.4027777777777778,130,29,0.2230769230769231,40,0.3076923076923077,3,29,7,2
2,0,r10_s2_f0,max_iou,216,181,35,0.580110497237569,0.5833333333333334,0.4166666666666667,130,29,0.2230769230769231,40,0.3076923076923077,2,29,7,2
2,0,r10_s2_f0,center_inside,216,181,35,0.585635359116022,0.5879629629629629,0.41203703703703703,130,28,0.2153846153846154,39,0.3,3,28,7,2
2,0,r10_s2_f0,hungarian_iou,216,181,35,0.5911602209944752,0.6018518518518519,0.39814814814814814,130,28,0.2153846153846154,39,0.3,3,28,8,2
2,0,r10_s2_f0,global_pooling,216,181,35,0.15469613259668508,0.0,1.0,130,0,0.0,11,0.08461538461538462,0,0,0,0
2,1,r10_s2_f1,proposed_lexicographic,196,154,42,0.6038961038961039,0.5867346938775511,0.413265306122449,85,24,0.2823529411764706,37,0.43529411764705883,4,24,8,3
2,1,r10_s2_f1,max_iou,196,154,42,0.5974025974025974,0.5816326530612245,0.41836734693877553,85,24,0.2823529411764706,37,0.43529411764705883,4,24,8,3
2,1,r10_s2_f1,center_inside,196,154,42,0.5974025974025974,0.5867346938775511,0.413265306122449,85,25,0.29411764705882354,38,0.4470588235294118,4,25,8,3
2,1,r10_s2_f1,hungarian_iou,196,154,42,0.5974025974025974,0.5867346938775511,0.413265306122449,85,25,0.29411764705882354,38,0.4470588235294118,4,25,8,3
2,1,r10_s2_f1,global_pooling,196,154,42,0.18181818181818182,0.0,1.0,85,0,0.0,13,0.15294117647058825,0,0,0,0
2,2,r10_s2_f2,proposed_lexicographic,274,224,50,0.5,0.572992700729927,0.42700729927007297,127,60,0.47244094488188976,76,0.5984251968503937,3,60,13,5
2,2,r10_s2_f2,max_iou,274,224,50,0.48660714285714285,0.5583941605839416,0.4416058394160584,127,59,0.4645669291338583,75,0.5905511811023622,3,59,13,5
2,2,r10_s2_f2,center_inside,274,224,50,0.5,0.5693430656934306,0.4306569343065693,127,59,0.4645669291338583,75,0.5905511811023622,3,59,13,5
2,2,r10_s2_f2,hungarian_iou,274,224,50,0.49107142857142855,0.572992700729927,0.42700729927007297,127,62,0.4881889763779528,78,0.6141732283464567,3,62,13,5
2,2,r10_s2_f2,global_pooling,274,224,50,0.38839285714285715,0.7664233576642335,0.23357664233576642,127,82,0.6456692913385826,98,0.7716535433070866,7,82,39,5
3,0,r10_s3_f0,proposed_lexicographic,216,184,32,0.6086956521739131,0.7037037037037037,0.2962962962962963,130,38,0.2923076923076923,47,0.36153846153846153,4,38,6,7
3,0,r10_s3_f0,max_iou,216,184,32,0.5978260869565217,0.6944444444444444,0.3055555555555556,130,38,0.2923076923076923,47,0.36153846153846153,4,38,6,7
3,0,r10_s3_f0,center_inside,216,184,32,0.6032608695652174,0.6990740740740741,0.30092592592592593,130,38,0.2923076923076923,47,0.36153846153846153,4,38,6,7
3,0,r10_s3_f0,hungarian_iou,216,184,32,0.6086956521739131,0.7083333333333334,0.2916666666666667,130,39,0.3,48,0.36923076923076925,4,39,6,7
3,0,r10_s3_f0,global_pooling,216,184,32,0.15217391304347827,0.0,1.0,130,0,0.0,9,0.06923076923076923,0,0,0,0
3,1,r10_s3_f1,proposed_lexicographic,196,155,41,0.5419354838709678,0.5714285714285714,0.42857142857142855,85,29,0.3411764705882353,38,0.4470588235294118,2,29,7,5
3,1,r10_s3_f1,max_iou,196,155,41,0.5419354838709678,0.5663265306122449,0.4336734693877551,85,28,0.32941176470588235,37,0.43529411764705883,2,28,7,5
3,1,r10_s3_f1,center_inside,196,155,41,0.5419354838709678,0.5816326530612245,0.41836734693877553,85,29,0.3411764705882353,38,0.4470588235294118,2,29,8,5
3,1,r10_s3_f1,hungarian_iou,196,155,41,0.5419354838709678,0.5714285714285714,0.42857142857142855,85,29,0.3411764705882353,38,0.4470588235294118,2,29,7,5
3,1,r10_s3_f1,global_pooling,196,155,41,0.4645161290322581,0.6122448979591837,0.3877551020408163,85,38,0.4470588235294118,47,0.5529411764705883,1,38,14,4
3,2,r10_s3_f2,proposed_lexicographic,274,223,51,0.5246636771300448,0.6094890510948905,0.3905109489051095,127,56,0.4409448818897638,71,0.5590551181102362,5,56,13,8
3,2,r10_s3_f2,max_iou,274,223,51,0.5246636771300448,0.6094890510948905,0.3905109489051095,127,56,0.4409448818897638,71,0.5590551181102362,5,56,13,8
3,2,r10_s3_f2,center_inside,274,223,51,0.5201793721973094,0.6094890510948905,0.3905109489051095,127,55,0.4330708661417323,70,0.5511811023622047,5,55,14,8
3,2,r10_s3_f2,hungarian_iou,274,223,51,0.5246636771300448,0.6131386861313869,0.38686131386861317,127,57,0.44881889763779526,72,0.5669291338582677,5,57,13,8
3,2,r10_s3_f2,global_pooling,274,223,51,0.4170403587443946,0.7883211678832117,0.2116788321167883,127,72,0.5669291338582677,87,0.6850393700787402,10,72,42,5
4,0,r10_s4_f0,proposed_lexicographic,216,178,38,0.6292134831460674,0.6435185185185185,0.35648148148148145,130,34,0.26153846153846155,44,0.3384615384615385,1,34,8,0
4,0,r10_s4_f0,max_iou,216,178,38,0.6235955056179775,0.6388888888888888,0.3611111111111111,130,34,0.26153846153846155,44,0.3384615384615385,1,34,8,0
4,0,r10_s4_f0,center_inside,216,178,38,0.6348314606741573,0.6435185185185185,0.35648148148148145,130,33,0.25384615384615383,43,0.33076923076923076,1,33,7,1
4,0,r10_s4_f0,hungarian_iou,216,178,38,0.6235955056179775,0.6388888888888888,0.3611111111111111,130,34,0.26153846153846155,44,0.3384615384615385,1,34,8,0
4,0,r10_s4_f0,global_pooling,216,178,38,0.1348314606741573,0.0,1.0,130,0,0.0,10,0.07692307692307693,0,0,0,0
4,1,r10_s4_f1,proposed_lexicographic,196,163,33,0.5705521472392638,0.5561224489795918,0.44387755102040816,85,27,0.3176470588235294,36,0.4235294117647059,1,27,8,2
4,1,r10_s4_f1,max_iou,196,163,33,0.5644171779141104,0.5510204081632653,0.4489795918367347,85,27,0.3176470588235294,36,0.4235294117647059,1,27,8,2
4,1,r10_s4_f1,center_inside,196,163,33,0.5766871165644172,0.5561224489795918,0.44387755102040816,85,26,0.3058823529411765,35,0.4117647058823529,1,26,8,2
4,1,r10_s4_f1,hungarian_iou,196,163,33,0.5705521472392638,0.5561224489795918,0.44387755102040816,85,27,0.3176470588235294,36,0.4235294117647059,1,27,8,2
4,1,r10_s4_f1,global_pooling,196,163,33,0.19631901840490798,0.0,1.0,85,0,0.0,9,0.10588235294117647,0,0,0,0
4,2,r10_s4_f2,proposed_lexicographic,274,222,52,0.5540540540540541,0.551094890510949,0.4489051094890511,127,43,0.33858267716535434,58,0.4566929133858268,7,43,9,6
4,2,r10_s4_f2,max_iou,274,222,52,0.5540540540540541,0.551094890510949,0.4489051094890511,127,43,0.33858267716535434,58,0.4566929133858268,7,43,9,6
4,2,r10_s4_f2,center_inside,274,222,52,0.5585585585585585,0.5583941605839416,0.4416058394160584,127,44,0.3464566929133858,59,0.4645669291338583,7,44,9,6
4,2,r10_s4_f2,hungarian_iou,274,222,52,0.5585585585585585,0.5547445255474452,0.44525547445255476,127,43,0.33858267716535434,58,0.4566929133858268,7,43,9,6
4,2,r10_s4_f2,global_pooling,274,222,52,0.4144144144144144,0.7664233576642335,0.23357664233576642,127,59,0.4645669291338583,74,0.5826771653543307,23,59,28,16
