audit_id,fold,source_group,image_name,original_image,rendered_image,person_count,label_evidence_count,sampling_stratum,selection_seed
W0001,2,10_tunnel,10_tunnel (101).jpg,D:\ppe_pilot\source_disjoint_protocol_20260805_v3\rate_10pct\seed0\fold2\images\test\10_tunnel (101).jpg,audit\independent_worker_state_random_20260827_v1\annotated_images\W0001_10_tunnel (101).jpg,4,8,people_4+__evidence_5-9,20260827
W0002,2,10_tunnel,10_tunnel (106).jpg,D:\ppe_pilot\source_disjoint_protocol_20260805_v3\rate_10pct\seed0\fold2\images\test\10_tunnel (106).jpg,audit\independent_worker_state_random_20260827_v1\annotated_images\W0002_10_tunnel (106).jpg,8,16,people_4+__evidence_10+,20260827
W0003,2,10_tunnel,10_tunnel (108).jpg,D:\ppe_pilot\source_disjoint_protocol_20260805_v3\rate_10pct\seed0\fold2\images\test\10_tunnel (108).jpg,audit\independent_worker_state_random_20260827_v1\annotated_images\W0003_10_tunnel (108).jpg,2,4,people_2-3__evidence_1-4,20260827
W0004,2,10_tunnel,10_tunnel (132).jpg,D:\ppe_pilot\source_disjoint_protocol_20260805_v3\rate_10pct\seed0\fold2\images\test\10_tunnel (132).jpg,audit\independent_worker_state_random_20260827_v1\annotated_images\W0004_10_tunnel (132).jpg,1,2,people_single__evidence_1-4,20260827
W0005,2,10_tunnel,10_tunnel (136).jpg,D:\ppe_pilot\source_disjoint_protocol_20260805_v3\rate_10pct\seed0\fold2\images\test\10_tunnel (136).jpg,audit\independent_worker_state_random_20260827_v1\annotated_images\W0005_10_tunnel (136).jpg,8,14,people_4+__evidence_10+,20260827
W0006,2,10_tunnel,10_tunnel (146).jpg,D:\ppe_pilot\source_disjoint_protocol_20260805_v3\rate_10pct\seed0\fold2\images\test\10_tunnel (146).jpg,audit\independent_worker_state_random_20260827_v1\annotated_images\W0006_10_tunnel (146).jpg,3,5,people_2-3__evidence_5-9,20260827
W0007,2,10_tunnel,10_tunnel (150).jpg,D:\ppe_pilot\source_disjoint_protocol_20260805_v3\rate_10pct\seed0\fold2\images\test\10_tunnel (150).jpg,audit\independent_worker_state_random_20260827_v1\annotated_images\W0007_10_tunnel (150).jpg,2,4,people_2-3__evidence_1-4,20260827
W0008,2,10_tunnel,10_tunnel (153).jpg,D:\ppe_pilot\source_disjoint_protocol_20260805_v3\rate_10pct\seed0\fold2\images\test\10_tunnel (153).jpg,audit\independent_worker_state_random_20260827_v1\annotated_images\W0008_10_tunnel (153).jpg,4,7,people_4+__evidence_5-9,20260827
W0009,2,10_tunnel,10_tunnel (155).jpg,D:\ppe_pilot\source_disjoint_protocol_20260805_v3\rate_10pct\seed0\fold2\images\test\10_tunnel (155).jpg,audit\independent_worker_state_random_20260827_v1\annotated_images\W0009_10_tunnel (155).jpg,3,6,people_2-3__evidence_5-9,20260827
W0010,2,10_tunnel,10_tunnel (157).jpg,D:\ppe_pilot\source_disjoint_protocol_20260805_v3\rate_10pct\seed0\fold2\images\test\10_tunnel (157).jpg,audit\independent_worker_state_random_20260827_v1\annotated_images\W0010_10_tunnel (157).jpg,3,6,people_2-3__evidence_5-9,20260827
W0011,2,10_tunnel,10_tunnel (173).jpg,D:\ppe_pilot\source_disjoint_protocol_20260805_v3\rate_10pct\seed0\fold2\images\test\10_tunnel (173).jpg,audit\independent_worker_state_random_20260827_v1\annotated_images\W0011_10_tunnel (173).jpg,9,14,people_4+__evidence_10+,20260827
W0012,2,10_tunnel,10_tunnel (191).jpg,D:\ppe_pilot\source_disjoint_protocol_20260805_v3\rate_10pct\seed0\fold2\images\test\10_tunnel (191).jpg,audit\independent_worker_state_random_20260827_v1\annotated_images\W0012_10_tunnel (191).jpg,4,8,people_4+__evidence_5-9,20260827
W0013,2,10_tunnel,10_tunnel (196).jpg,D:\ppe_pilot\source_disjoint_protocol_20260805_v3\rate_10pct\seed0\fold2\images\test\10_tunnel (196).jpg,audit\independent_worker_state_random_20260827_v1\annotated_images\W0013_10_tunnel (196).jpg,3,6,people_2-3__evidence_5-9,20260827
W0014,2,10_tunnel,10_tunnel (20).jpg,D:\ppe_pilot\source_disjoint_protocol_20260805_v3\rate_10pct\seed0\fold2\images\test\10_tunnel (20).jpg,audit\independent_worker_state_random_20260827_v1\annotated_images\W0014_10_tunnel (20).jpg,7,10,people_4+__evidence_10+,20260827
W0015,2,10_tunnel,10_tunnel (38).jpg,D:\ppe_pilot\source_disjoint_protocol_20260805_v3\rate_10pct\seed0\fold2\images\test\10_tunnel (38).jpg,audit\independent_worker_state_random_20260827_v1\annotated_images\W0015_10_tunnel (38).jpg,2,3,people_2-3__evidence_1-4,20260827
W0016,2,10_tunnel,10_tunnel (46).jpg,D:\ppe_pilot\source_disjoint_protocol_20260805_v3\rate_10pct\seed0\fold2\images\test\10_tunnel (46).jpg,audit\independent_worker_state_random_20260827_v1\annotated_images\W0016_10_tunnel (46).jpg,5,5,people_4+__evidence_5-9,20260827
W0017,2,10_tunnel,10_tunnel (50).jpg,D:\ppe_pilot\source_disjoint_protocol_20260805_v3\rate_10pct\seed0\fold2\images\test\10_tunnel (50).jpg,audit\independent_worker_state_random_20260827_v1\annotated_images\W0017_10_tunnel (50).jpg,2,3,people_2-3__evidence_1-4,20260827
W0018,2,10_tunnel,10_tunnel (54).jpg,D:\ppe_pilot\source_disjoint_protocol_20260805_v3\rate_10pct\seed0\fold2\images\test\10_tunnel (54).jpg,audit\independent_worker_state_random_20260827_v1\annotated_images\W0018_10_tunnel (54).jpg,1,2,people_single__evidence_1-4,20260827
W0019,2,10_tunnel,10_tunnel (6).jpg,D:\ppe_pilot\source_disjoint_protocol_20260805_v3\rate_10pct\seed0\fold2\images\test\10_tunnel (6).jpg,audit\independent_worker_state_random_20260827_v1\annotated_images\W0019_10_tunnel (6).jpg,1,2,people_single__evidence_1-4,20260827
W0020,2,10_tunnel,10_tunnel (66).jpg,D:\ppe_pilot\source_disjoint_protocol_20260805_v3\rate_10pct\seed0\fold2\images\test\10_tunnel (66).jpg,audit\independent_worker_state_random_20260827_v1\annotated_images\W0020_10_tunnel (66).jpg,1,2,people_single__evidence_1-4,20260827
W0021,0,11_tunnel,11_tunnel (1044).jpg,D:\ppe_pilot\source_disjoint_protocol_20260805_v3\rate_10pct\seed0\fold0\images\test\11_tunnel (1044).jpg,audit\independent_worker_state_random_20260827_v1\annotated_images\W0021_11_tunnel (1044).jpg,3,6,people_2-3__evidence_5-9,20260827
W0022,0,11_tunnel,11_tunnel (1174).jpg,D:\ppe_pilot\source_disjoint_protocol_20260805_v3\rate_10pct\seed0\fold0\images\test\11_tunnel (1174).jpg,audit\independent_worker_state_random_20260827_v1\annotated_images\W0022_11_tunnel (1174).jpg,1,0,people_single__evidence_none,20260827
W0023,0,11_tunnel,11_tunnel (156).jpg,D:\ppe_pilot\source_disjoint_protocol_20260805_v3\rate_10pct\seed0\fold0\images\test\11_tunnel (156).jpg,audit\independent_worker_state_random_20260827_v1\annotated_images\W0023_11_tunnel (156).jpg,2,5,people_2-3__evidence_5-9,20260827
W0024,0,11_tunnel,11_tunnel (232).jpg,D:\ppe_pilot\source_disjoint_protocol_20260805_v3\rate_10pct\seed0\fold0\images\test\11_tunnel (232).jpg,audit\independent_worker_state_random_20260827_v1\annotated_images\W0024_11_tunnel (232).jpg,1,2,people_single__evidence_1-4,20260827
W0025,0,11_tunnel,11_tunnel (242).jpg,D:\ppe_pilot\source_disjoint_protocol_20260805_v3\rate_10pct\seed0\fold0\images\test\11_tunnel (242).jpg,audit\independent_worker_state_random_20260827_v1\annotated_images\W0025_11_tunnel (242).jpg,4,8,people_4+__evidence_5-9,20260827
W0026,0,11_tunnel,11_tunnel (297).jpg,D:\ppe_pilot\source_disjoint_protocol_20260805_v3\rate_10pct\seed0\fold0\images\test\11_tunnel (297).jpg,audit\independent_worker_state_random_20260827_v1\annotated_images\W0026_11_tunnel (297).jpg,4,4,people_4+__evidence_1-4,20260827
W0027,0,11_tunnel,11_tunnel (318).jpg,D:\ppe_pilot\source_disjoint_protocol_20260805_v3\rate_10pct\seed0\fold0\images\test\11_tunnel (318).jpg,audit\independent_worker_state_random_20260827_v1\annotated_images\W0027_11_tunnel (318).jpg,1,2,people_single__evidence_1-4,20260827
W0028,0,11_tunnel,11_tunnel (328).jpg,D:\ppe_pilot\source_disjoint_protocol_20260805_v3\rate_10pct\seed0\fold0\images\test\11_tunnel (328).jpg,audit\independent_worker_state_random_20260827_v1\annotated_images\W0028_11_tunnel (328).jpg,6,10,people_4+__evidence_10+,20260827
W0029,0,11_tunnel,11_tunnel (457).jpg,D:\ppe_pilot\source_disjoint_protocol_20260805_v3\rate_10pct\seed0\fold0\images\test\11_tunnel (457).jpg,audit\independent_worker_state_random_20260827_v1\annotated_images\W0029_11_tunnel (457).jpg,6,11,people_4+__evidence_10+,20260827
W0030,0,11_tunnel,11_tunnel (543).jpg,D:\ppe_pilot\source_disjoint_protocol_20260805_v3\rate_10pct\seed0\fold0\images\test\11_tunnel (543).jpg,audit\independent_worker_state_random_20260827_v1\annotated_images\W0030_11_tunnel (543).jpg,5,5,people_4+__evidence_5-9,20260827
W0031,0,11_tunnel,11_tunnel (547).jpg,D:\ppe_pilot\source_disjoint_protocol_20260805_v3\rate_10pct\seed0\fold0\images\test\11_tunnel (547).jpg,audit\independent_worker_state_random_20260827_v1\annotated_images\W0031_11_tunnel (547).jpg,1,2,people_single__evidence_1-4,20260827
W0032,0,11_tunnel,11_tunnel (794).jpg,D:\ppe_pilot\source_disjoint_protocol_20260805_v3\rate_10pct\seed0\fold0\images\test\11_tunnel (794).jpg,audit\independent_worker_state_random_20260827_v1\annotated_images\W0032_11_tunnel (794).jpg,5,3,people_4+__evidence_1-4,20260827
W0033,0,11_tunnel,11_tunnel (799).jpg,D:\ppe_pilot\source_disjoint_protocol_20260805_v3\rate_10pct\seed0\fold0\images\test\11_tunnel (799).jpg,audit\independent_worker_state_random_20260827_v1\annotated_images\W0033_11_tunnel (799).jpg,4,8,people_4+__evidence_5-9,20260827
W0034,0,11_tunnel,11_tunnel (866).jpg,D:\ppe_pilot\source_disjoint_protocol_20260805_v3\rate_10pct\seed0\fold0\images\test\11_tunnel (866).jpg,audit\independent_worker_state_random_20260827_v1\annotated_images\W0034_11_tunnel (866).jpg,4,3,people_4+__evidence_1-4,20260827
W0035,0,11_tunnel,11_tunnel (914).jpg,D:\ppe_pilot\source_disjoint_protocol_20260805_v3\rate_10pct\seed0\fold0\images\test\11_tunnel (914).jpg,audit\independent_worker_state_random_20260827_v1\annotated_images\W0035_11_tunnel (914).jpg,1,2,people_single__evidence_1-4,20260827
W0036,0,11_tunnel,11_tunnel (944).jpg,D:\ppe_pilot\source_disjoint_protocol_20260805_v3\rate_10pct\seed0\fold0\images\test\11_tunnel (944).jpg,audit\independent_worker_state_random_20260827_v1\annotated_images\W0036_11_tunnel (944).jpg,7,12,people_4+__evidence_10+,20260827
W0037,0,11_tunnel,11_tunnel (96).jpg,D:\ppe_pilot\source_disjoint_protocol_20260805_v3\rate_10pct\seed0\fold0\images\test\11_tunnel (96).jpg,audit\independent_worker_state_random_20260827_v1\annotated_images\W0037_11_tunnel (96).jpg,2,4,people_2-3__evidence_1-4,20260827
W0038,0,11_tunnel,11_tunnel (961).jpg,D:\ppe_pilot\source_disjoint_protocol_20260805_v3\rate_10pct\seed0\fold0\images\test\11_tunnel (961).jpg,audit\independent_worker_state_random_20260827_v1\annotated_images\W0038_11_tunnel (961).jpg,2,3,people_2-3__evidence_1-4,20260827
W0039,0,11_tunnel,11_tunnel (98).jpg,D:\ppe_pilot\source_disjoint_protocol_20260805_v3\rate_10pct\seed0\fold0\images\test\11_tunnel (98).jpg,audit\independent_worker_state_random_20260827_v1\annotated_images\W0039_11_tunnel (98).jpg,2,4,people_2-3__evidence_1-4,20260827
W0040,0,11_tunnel,11_tunnel (988).jpg,D:\ppe_pilot\source_disjoint_protocol_20260805_v3\rate_10pct\seed0\fold0\images\test\11_tunnel (988).jpg,audit\independent_worker_state_random_20260827_v1\annotated_images\W0040_11_tunnel (988).jpg,3,5,people_2-3__evidence_5-9,20260827
W0041,1,1_tunnel,1_tunnel (106).jpg,D:\ppe_pilot\source_disjoint_protocol_20260805_v3\rate_10pct\seed0\fold1\images\test\1_tunnel (106).jpg,audit\independent_worker_state_random_20260827_v1\annotated_images\W0041_1_tunnel (106).jpg,2,0,people_2-3__evidence_none,20260827
W0042,1,1_tunnel,1_tunnel (110).jpg,D:\ppe_pilot\source_disjoint_protocol_20260805_v3\rate_10pct\seed0\fold1\images\test\1_tunnel (110).jpg,audit\independent_worker_state_random_20260827_v1\annotated_images\W0042_1_tunnel (110).jpg,5,2,people_4+__evidence_1-4,20260827
W0043,1,1_tunnel,1_tunnel (113).jpg,D:\ppe_pilot\source_disjoint_protocol_20260805_v3\rate_10pct\seed0\fold1\images\test\1_tunnel (113).jpg,audit\independent_worker_state_random_20260827_v1\annotated_images\W0043_1_tunnel (113).jpg,3,0,people_2-3__evidence_none,20260827
W0044,1,1_tunnel,1_tunnel (121).jpg,D:\ppe_pilot\source_disjoint_protocol_20260805_v3\rate_10pct\seed0\fold1\images\test\1_tunnel (121).jpg,audit\independent_worker_state_random_20260827_v1\annotated_images\W0044_1_tunnel (121).jpg,2,5,people_2-3__evidence_5-9,20260827
W0045,1,1_tunnel,1_tunnel (124).jpg,D:\ppe_pilot\source_disjoint_protocol_20260805_v3\rate_10pct\seed0\fold1\images\test\1_tunnel (124).jpg,audit\independent_worker_state_random_20260827_v1\annotated_images\W0045_1_tunnel (124).jpg,4,4,people_4+__evidence_1-4,20260827
W0046,1,1_tunnel,1_tunnel (125).jpg,D:\ppe_pilot\source_disjoint_protocol_20260805_v3\rate_10pct\seed0\fold1\images\test\1_tunnel (125).jpg,audit\independent_worker_state_random_20260827_v1\annotated_images\W0046_1_tunnel (125).jpg,4,6,people_4+__evidence_5-9,20260827
W0047,1,1_tunnel,1_tunnel (128).jpg,D:\ppe_pilot\source_disjoint_protocol_20260805_v3\rate_10pct\seed0\fold1\images\test\1_tunnel (128).jpg,audit\independent_worker_state_random_20260827_v1\annotated_images\W0047_1_tunnel (128).jpg,3,3,people_2-3__evidence_1-4,20260827
W0048,1,1_tunnel,1_tunnel (146).jpg,D:\ppe_pilot\source_disjoint_protocol_20260805_v3\rate_10pct\seed0\fold1\images\test\1_tunnel (146).jpg,audit\independent_worker_state_random_20260827_v1\annotated_images\W0048_1_tunnel (146).jpg,3,7,people_2-3__evidence_5-9,20260827
W0049,1,1_tunnel,1_tunnel (152).jpg,D:\ppe_pilot\source_disjoint_protocol_20260805_v3\rate_10pct\seed0\fold1\images\test\1_tunnel (152).jpg,audit\independent_worker_state_random_20260827_v1\annotated_images\W0049_1_tunnel (152).jpg,2,3,people_2-3__evidence_1-4,20260827
W0050,1,1_tunnel,1_tunnel (153).jpg,D:\ppe_pilot\source_disjoint_protocol_20260805_v3\rate_10pct\seed0\fold1\images\test\1_tunnel (153).jpg,audit\independent_worker_state_random_20260827_v1\annotated_images\W0050_1_tunnel (153).jpg,1,2,people_single__evidence_1-4,20260827
W0051,1,1_tunnel,1_tunnel (164).jpg,D:\ppe_pilot\source_disjoint_protocol_20260805_v3\rate_10pct\seed0\fold1\images\test\1_tunnel (164).jpg,audit\independent_worker_state_random_20260827_v1\annotated_images\W0051_1_tunnel (164).jpg,5,11,people_4+__evidence_10+,20260827
W0052,1,1_tunnel,1_tunnel (165).jpg,D:\ppe_pilot\source_disjoint_protocol_20260805_v3\rate_10pct\seed0\fold1\images\test\1_tunnel (165).jpg,audit\independent_worker_state_random_20260827_v1\annotated_images\W0052_1_tunnel (165).jpg,3,5,people_2-3__evidence_5-9,20260827
W0053,1,1_tunnel,1_tunnel (167).jpg,D:\ppe_pilot\source_disjoint_protocol_20260805_v3\rate_10pct\seed0\fold1\images\test\1_tunnel (167).jpg,audit\independent_worker_state_random_20260827_v1\annotated_images\W0053_1_tunnel (167).jpg,4,9,people_4+__evidence_5-9,20260827
W0054,1,1_tunnel,1_tunnel (168).jpg,D:\ppe_pilot\source_disjoint_protocol_20260805_v3\rate_10pct\seed0\fold1\images\test\1_tunnel (168).jpg,audit\independent_worker_state_random_20260827_v1\annotated_images\W0054_1_tunnel (168).jpg,5,8,people_4+__evidence_5-9,20260827
W0055,1,1_tunnel,1_tunnel (170).jpg,D:\ppe_pilot\source_disjoint_protocol_20260805_v3\rate_10pct\seed0\fold1\images\test\1_tunnel (170).jpg,audit\independent_worker_state_random_20260827_v1\annotated_images\W0055_1_tunnel (170).jpg,3,3,people_2-3__evidence_1-4,20260827
W0056,1,1_tunnel,1_tunnel (179).jpg,D:\ppe_pilot\source_disjoint_protocol_20260805_v3\rate_10pct\seed0\fold1\images\test\1_tunnel (179).jpg,audit\independent_worker_state_random_20260827_v1\annotated_images\W0056_1_tunnel (179).jpg,5,4,people_4+__evidence_1-4,20260827
W0057,1,1_tunnel,1_tunnel (202).jpg,D:\ppe_pilot\source_disjoint_protocol_20260805_v3\rate_10pct\seed0\fold1\images\test\1_tunnel (202).jpg,audit\independent_worker_state_random_20260827_v1\annotated_images\W0057_1_tunnel (202).jpg,1,1,people_single__evidence_1-4,20260827
W0058,1,1_tunnel,1_tunnel (216).jpg,D:\ppe_pilot\source_disjoint_protocol_20260805_v3\rate_10pct\seed0\fold1\images\test\1_tunnel (216).jpg,audit\independent_worker_state_random_20260827_v1\annotated_images\W0058_1_tunnel (216).jpg,1,2,people_single__evidence_1-4,20260827
W0059,1,1_tunnel,1_tunnel (220).jpg,D:\ppe_pilot\source_disjoint_protocol_20260805_v3\rate_10pct\seed0\fold1\images\test\1_tunnel (220).jpg,audit\independent_worker_state_random_20260827_v1\annotated_images\W0059_1_tunnel (220).jpg,1,0,people_single__evidence_none,20260827
W0060,1,1_tunnel,1_tunnel (235).jpg,D:\ppe_pilot\source_disjoint_protocol_20260805_v3\rate_10pct\seed0\fold1\images\test\1_tunnel (235).jpg,audit\independent_worker_state_random_20260827_v1\annotated_images\W0060_1_tunnel (235).jpg,1,0,people_single__evidence_none,20260827
W0061,1,2_tunnel,2_tunnel (1).jpg,D:\ppe_pilot\source_disjoint_protocol_20260805_v3\rate_10pct\seed0\fold1\images\test\2_tunnel (1).jpg,audit\independent_worker_state_random_20260827_v1\annotated_images\W0061_2_tunnel (1).jpg,6,11,people_4+__evidence_10+,20260827
W0062,1,2_tunnel,2_tunnel (111).jpg,D:\ppe_pilot\source_disjoint_protocol_20260805_v3\rate_10pct\seed0\fold1\images\test\2_tunnel (111).jpg,audit\independent_worker_state_random_20260827_v1\annotated_images\W0062_2_tunnel (111).jpg,3,5,people_2-3__evidence_5-9,20260827
W0063,1,2_tunnel,2_tunnel (113).jpg,D:\ppe_pilot\source_disjoint_protocol_20260805_v3\rate_10pct\seed0\fold1\images\test\2_tunnel (113).jpg,audit\independent_worker_state_random_20260827_v1\annotated_images\W0063_2_tunnel (113).jpg,5,8,people_4+__evidence_5-9,20260827
W0064,1,2_tunnel,2_tunnel (120).jpg,D:\ppe_pilot\source_disjoint_protocol_20260805_v3\rate_10pct\seed0\fold1\images\test\2_tunnel (120).jpg,audit\independent_worker_state_random_20260827_v1\annotated_images\W0064_2_tunnel (120).jpg,2,3,people_2-3__evidence_1-4,20260827
W0065,1,2_tunnel,2_tunnel (121).jpg,D:\ppe_pilot\source_disjoint_protocol_20260805_v3\rate_10pct\seed0\fold1\images\test\2_tunnel (121).jpg,audit\independent_worker_state_random_20260827_v1\annotated_images\W0065_2_tunnel (121).jpg,2,4,people_2-3__evidence_1-4,20260827
W0066,1,2_tunnel,2_tunnel (126).jpg,D:\ppe_pilot\source_disjoint_protocol_20260805_v3\rate_10pct\seed0\fold1\images\test\2_tunnel (126).jpg,audit\independent_worker_state_random_20260827_v1\annotated_images\W0066_2_tunnel (126).jpg,1,2,people_single__evidence_1-4,20260827
W0067,1,2_tunnel,2_tunnel (130).jpg,D:\ppe_pilot\source_disjoint_protocol_20260805_v3\rate_10pct\seed0\fold1\images\test\2_tunnel (130).jpg,audit\independent_worker_state_random_20260827_v1\annotated_images\W0067_2_tunnel (130).jpg,1,1,people_single__evidence_1-4,20260827
W0068,1,2_tunnel,2_tunnel (145).jpg,D:\ppe_pilot\source_disjoint_protocol_20260805_v3\rate_10pct\seed0\fold1\images\test\2_tunnel (145).jpg,audit\independent_worker_state_random_20260827_v1\annotated_images\W0068_2_tunnel (145).jpg,3,5,people_2-3__evidence_5-9,20260827
W0069,1,2_tunnel,2_tunnel (151).jpg,D:\ppe_pilot\source_disjoint_protocol_20260805_v3\rate_10pct\seed0\fold1\images\test\2_tunnel (151).jpg,audit\independent_worker_state_random_20260827_v1\annotated_images\W0069_2_tunnel (151).jpg,1,1,people_single__evidence_1-4,20260827
W0070,1,2_tunnel,2_tunnel (168).jpg,D:\ppe_pilot\source_disjoint_protocol_20260805_v3\rate_10pct\seed0\fold1\images\test\2_tunnel (168).jpg,audit\independent_worker_state_random_20260827_v1\annotated_images\W0070_2_tunnel (168).jpg,1,0,people_single__evidence_none,20260827
W0071,1,2_tunnel,2_tunnel (169).jpg,D:\ppe_pilot\source_disjoint_protocol_20260805_v3\rate_10pct\seed0\fold1\images\test\2_tunnel (169).jpg,audit\independent_worker_state_random_20260827_v1\annotated_images\W0071_2_tunnel (169).jpg,1,0,people_single__evidence_none,20260827
W0072,1,2_tunnel,2_tunnel (17).jpg,D:\ppe_pilot\source_disjoint_protocol_20260805_v3\rate_10pct\seed0\fold1\images\test\2_tunnel (17).jpg,audit\independent_worker_state_random_20260827_v1\annotated_images\W0072_2_tunnel (17).jpg,4,6,people_4+__evidence_5-9,20260827
W0073,1,2_tunnel,2_tunnel (18).jpg,D:\ppe_pilot\source_disjoint_protocol_20260805_v3\rate_10pct\seed0\fold1\images\test\2_tunnel (18).jpg,audit\independent_worker_state_random_20260827_v1\annotated_images\W0073_2_tunnel (18).jpg,6,7,people_4+__evidence_5-9,20260827
W0074,1,2_tunnel,2_tunnel (21).jpg,D:\ppe_pilot\source_disjoint_protocol_20260805_v3\rate_10pct\seed0\fold1\images\test\2_tunnel (21).jpg,audit\independent_worker_state_random_20260827_v1\annotated_images\W0074_2_tunnel (21).jpg,5,11,people_4+__evidence_10+,20260827
W0075,1,2_tunnel,2_tunnel (32).jpg,D:\ppe_pilot\source_disjoint_protocol_20260805_v3\rate_10pct\seed0\fold1\images\test\2_tunnel (32).jpg,audit\independent_worker_state_random_20260827_v1\annotated_images\W0075_2_tunnel (32).jpg,3,5,people_2-3__evidence_5-9,20260827
W0076,1,2_tunnel,2_tunnel (4).jpg,D:\ppe_pilot\source_disjoint_protocol_20260805_v3\rate_10pct\seed0\fold1\images\test\2_tunnel (4).jpg,audit\independent_worker_state_random_20260827_v1\annotated_images\W0076_2_tunnel (4).jpg,8,10,people_4+__evidence_10+,20260827
W0077,1,2_tunnel,2_tunnel (41).jpg,D:\ppe_pilot\source_disjoint_protocol_20260805_v3\rate_10pct\seed0\fold1\images\test\2_tunnel (41).jpg,audit\independent_worker_state_random_20260827_v1\annotated_images\W0077_2_tunnel (41).jpg,2,4,people_2-3__evidence_1-4,20260827
W0078,1,2_tunnel,2_tunnel (84).jpg,D:\ppe_pilot\source_disjoint_protocol_20260805_v3\rate_10pct\seed0\fold1\images\test\2_tunnel (84).jpg,audit\independent_worker_state_random_20260827_v1\annotated_images\W0078_2_tunnel (84).jpg,3,0,people_2-3__evidence_none,20260827
W0079,1,2_tunnel,2_tunnel (86).jpg,D:\ppe_pilot\source_disjoint_protocol_20260805_v3\rate_10pct\seed0\fold1\images\test\2_tunnel (86).jpg,audit\independent_worker_state_random_20260827_v1\annotated_images\W0079_2_tunnel (86).jpg,4,3,people_4+__evidence_1-4,20260827
W0080,1,2_tunnel,2_tunnel (89).jpg,D:\ppe_pilot\source_disjoint_protocol_20260805_v3\rate_10pct\seed0\fold1\images\test\2_tunnel (89).jpg,audit\independent_worker_state_random_20260827_v1\annotated_images\W0080_2_tunnel (89).jpg,4,4,people_4+__evidence_1-4,20260827
W0081,2,3_tunnel,3_tunnel (108).jpg,D:\ppe_pilot\source_disjoint_protocol_20260805_v3\rate_10pct\seed0\fold2\images\test\3_tunnel (108).jpg,audit\independent_worker_state_random_20260827_v1\annotated_images\W0081_3_tunnel (108).jpg,4,0,people_4+__evidence_none,20260827
W0082,2,3_tunnel,3_tunnel (109).jpg,D:\ppe_pilot\source_disjoint_protocol_20260805_v3\rate_10pct\seed0\fold2\images\test\3_tunnel (109).jpg,audit\independent_worker_state_random_20260827_v1\annotated_images\W0082_3_tunnel (109).jpg,1,1,people_single__evidence_1-4,20260827
W0083,2,3_tunnel,3_tunnel (115).jpg,D:\ppe_pilot\source_disjoint_protocol_20260805_v3\rate_10pct\seed0\fold2\images\test\3_tunnel (115).jpg,audit\independent_worker_state_random_20260827_v1\annotated_images\W0083_3_tunnel (115).jpg,2,3,people_2-3__evidence_1-4,20260827
W0084,2,3_tunnel,3_tunnel (125).jpg,D:\ppe_pilot\source_disjoint_protocol_20260805_v3\rate_10pct\seed0\fold2\images\test\3_tunnel (125).jpg,audit\independent_worker_state_random_20260827_v1\annotated_images\W0084_3_tunnel (125).jpg,1,2,people_single__evidence_1-4,20260827
W0085,2,3_tunnel,3_tunnel (137).jpg,D:\ppe_pilot\source_disjoint_protocol_20260805_v3\rate_10pct\seed0\fold2\images\test\3_tunnel (137).jpg,audit\independent_worker_state_random_20260827_v1\annotated_images\W0085_3_tunnel (137).jpg,6,12,people_4+__evidence_10+,20260827
W0086,2,3_tunnel,3_tunnel (153).jpg,D:\ppe_pilot\source_disjoint_protocol_20260805_v3\rate_10pct\seed0\fold2\images\test\3_tunnel (153).jpg,audit\independent_worker_state_random_20260827_v1\annotated_images\W0086_3_tunnel (153).jpg,5,1,people_4+__evidence_1-4,20260827
W0087,2,3_tunnel,3_tunnel (157).jpg,D:\ppe_pilot\source_disjoint_protocol_20260805_v3\rate_10pct\seed0\fold2\images\test\3_tunnel (157).jpg,audit\independent_worker_state_random_20260827_v1\annotated_images\W0087_3_tunnel (157).jpg,1,2,people_single__evidence_1-4,20260827
W0088,2,3_tunnel,3_tunnel (172).jpg,D:\ppe_pilot\source_disjoint_protocol_20260805_v3\rate_10pct\seed0\fold2\images\test\3_tunnel (172).jpg,audit\independent_worker_state_random_20260827_v1\annotated_images\W0088_3_tunnel (172).jpg,2,0,people_2-3__evidence_none,20260827
W0089,2,3_tunnel,3_tunnel (177).jpg,D:\ppe_pilot\source_disjoint_protocol_20260805_v3\rate_10pct\seed0\fold2\images\test\3_tunnel (177).jpg,audit\independent_worker_state_random_20260827_v1\annotated_images\W0089_3_tunnel (177).jpg,10,0,people_4+__evidence_none,20260827
W0090,2,3_tunnel,3_tunnel (178).jpg,D:\ppe_pilot\source_disjoint_protocol_20260805_v3\rate_10pct\seed0\fold2\images\test\3_tunnel (178).jpg,audit\independent_worker_state_random_20260827_v1\annotated_images\W0090_3_tunnel (178).jpg,2,0,people_2-3__evidence_none,20260827
W0091,2,3_tunnel,3_tunnel (190).jpg,D:\ppe_pilot\source_disjoint_protocol_20260805_v3\rate_10pct\seed0\fold2\images\test\3_tunnel (190).jpg,audit\independent_worker_state_random_20260827_v1\annotated_images\W0091_3_tunnel (190).jpg,3,6,people_2-3__evidence_5-9,20260827
W0092,2,3_tunnel,3_tunnel (192).jpg,D:\ppe_pilot\source_disjoint_protocol_20260805_v3\rate_10pct\seed0\fold2\images\test\3_tunnel (192).jpg,audit\independent_worker_state_random_20260827_v1\annotated_images\W0092_3_tunnel (192).jpg,3,5,people_2-3__evidence_5-9,20260827
W0093,2,3_tunnel,3_tunnel (199).jpg,D:\ppe_pilot\source_disjoint_protocol_20260805_v3\rate_10pct\seed0\fold2\images\test\3_tunnel (199).jpg,audit\independent_worker_state_random_20260827_v1\annotated_images\W0093_3_tunnel (199).jpg,2,4,people_2-3__evidence_1-4,20260827
W0094,2,3_tunnel,3_tunnel (216).jpg,D:\ppe_pilot\source_disjoint_protocol_20260805_v3\rate_10pct\seed0\fold2\images\test\3_tunnel (216).jpg,audit\independent_worker_state_random_20260827_v1\annotated_images\W0094_3_tunnel (216).jpg,2,4,people_2-3__evidence_1-4,20260827
W0095,2,3_tunnel,3_tunnel (22).jpg,D:\ppe_pilot\source_disjoint_protocol_20260805_v3\rate_10pct\seed0\fold2\images\test\3_tunnel (22).jpg,audit\independent_worker_state_random_20260827_v1\annotated_images\W0095_3_tunnel (22).jpg,5,10,people_4+__evidence_10+,20260827
W0096,2,3_tunnel,3_tunnel (228).jpg,D:\ppe_pilot\source_disjoint_protocol_20260805_v3\rate_10pct\seed0\fold2\images\test\3_tunnel (228).jpg,audit\independent_worker_state_random_20260827_v1\annotated_images\W0096_3_tunnel (228).jpg,5,7,people_4+__evidence_5-9,20260827
W0097,2,3_tunnel,3_tunnel (30).jpg,D:\ppe_pilot\source_disjoint_protocol_20260805_v3\rate_10pct\seed0\fold2\images\test\3_tunnel (30).jpg,audit\independent_worker_state_random_20260827_v1\annotated_images\W0097_3_tunnel (30).jpg,5,9,people_4+__evidence_5-9,20260827
W0098,2,3_tunnel,3_tunnel (39).jpg,D:\ppe_pilot\source_disjoint_protocol_20260805_v3\rate_10pct\seed0\fold2\images\test\3_tunnel (39).jpg,audit\independent_worker_state_random_20260827_v1\annotated_images\W0098_3_tunnel (39).jpg,1,0,people_single__evidence_none,20260827
W0099,2,3_tunnel,3_tunnel (47).jpg,D:\ppe_pilot\source_disjoint_protocol_20260805_v3\rate_10pct\seed0\fold2\images\test\3_tunnel (47).jpg,audit\independent_worker_state_random_20260827_v1\annotated_images\W0099_3_tunnel (47).jpg,5,3,people_4+__evidence_1-4,20260827
W0100,2,3_tunnel,3_tunnel (79).jpg,D:\ppe_pilot\source_disjoint_protocol_20260805_v3\rate_10pct\seed0\fold2\images\test\3_tunnel (79).jpg,audit\independent_worker_state_random_20260827_v1\annotated_images\W0100_3_tunnel (79).jpg,1,0,people_single__evidence_none,20260827
W0101,2,4_tunnel,4_tunnel (124).jpg,D:\ppe_pilot\source_disjoint_protocol_20260805_v3\rate_10pct\seed0\fold2\images\test\4_tunnel (124).jpg,audit\independent_worker_state_random_20260827_v1\annotated_images\W0101_4_tunnel (124).jpg,1,0,people_single__evidence_none,20260827
W0102,2,4_tunnel,4_tunnel (145).jpg,D:\ppe_pilot\source_disjoint_protocol_20260805_v3\rate_10pct\seed0\fold2\images\test\4_tunnel (145).jpg,audit\independent_worker_state_random_20260827_v1\annotated_images\W0102_4_tunnel (145).jpg,1,2,people_single__evidence_1-4,20260827
W0103,2,4_tunnel,4_tunnel (163).jpg,D:\ppe_pilot\source_disjoint_protocol_20260805_v3\rate_10pct\seed0\fold2\images\test\4_tunnel (163).jpg,audit\independent_worker_state_random_20260827_v1\annotated_images\W0103_4_tunnel (163).jpg,5,8,people_4+__evidence_5-9,20260827
W0104,2,4_tunnel,4_tunnel (210).jpg,D:\ppe_pilot\source_disjoint_protocol_20260805_v3\rate_10pct\seed0\fold2\images\test\4_tunnel (210).jpg,audit\independent_worker_state_random_20260827_v1\annotated_images\W0104_4_tunnel (210).jpg,6,7,people_4+__evidence_5-9,20260827
W0105,2,4_tunnel,4_tunnel (229).jpg,D:\ppe_pilot\source_disjoint_protocol_20260805_v3\rate_10pct\seed0\fold2\images\test\4_tunnel (229).jpg,audit\independent_worker_state_random_20260827_v1\annotated_images\W0105_4_tunnel (229).jpg,2,4,people_2-3__evidence_1-4,20260827
W0106,2,4_tunnel,4_tunnel (23).jpg,D:\ppe_pilot\source_disjoint_protocol_20260805_v3\rate_10pct\seed0\fold2\images\test\4_tunnel (23).jpg,audit\independent_worker_state_random_20260827_v1\annotated_images\W0106_4_tunnel (23).jpg,3,5,people_2-3__evidence_5-9,20260827
W0107,2,4_tunnel,4_tunnel (236).jpg,D:\ppe_pilot\source_disjoint_protocol_20260805_v3\rate_10pct\seed0\fold2\images\test\4_tunnel (236).jpg,audit\independent_worker_state_random_20260827_v1\annotated_images\W0107_4_tunnel (236).jpg,1,2,people_single__evidence_1-4,20260827
W0108,2,4_tunnel,4_tunnel (238).jpg,D:\ppe_pilot\source_disjoint_protocol_20260805_v3\rate_10pct\seed0\fold2\images\test\4_tunnel (238).jpg,audit\independent_worker_state_random_20260827_v1\annotated_images\W0108_4_tunnel (238).jpg,2,0,people_2-3__evidence_none,20260827
W0109,2,4_tunnel,4_tunnel (264).jpg,D:\ppe_pilot\source_disjoint_protocol_20260805_v3\rate_10pct\seed0\fold2\images\test\4_tunnel (264).jpg,audit\independent_worker_state_random_20260827_v1\annotated_images\W0109_4_tunnel (264).jpg,1,0,people_single__evidence_none,20260827
W0110,2,4_tunnel,4_tunnel (275).jpg,D:\ppe_pilot\source_disjoint_protocol_20260805_v3\rate_10pct\seed0\fold2\images\test\4_tunnel (275).jpg,audit\independent_worker_state_random_20260827_v1\annotated_images\W0110_4_tunnel (275).jpg,8,11,people_4+__evidence_10+,20260827
W0111,2,4_tunnel,4_tunnel (307).jpg,D:\ppe_pilot\source_disjoint_protocol_20260805_v3\rate_10pct\seed0\fold2\images\test\4_tunnel (307).jpg,audit\independent_worker_state_random_20260827_v1\annotated_images\W0111_4_tunnel (307).jpg,11,12,people_4+__evidence_10+,20260827
W0112,2,4_tunnel,4_tunnel (315).jpg,D:\ppe_pilot\source_disjoint_protocol_20260805_v3\rate_10pct\seed0\fold2\images\test\4_tunnel (315).jpg,audit\independent_worker_state_random_20260827_v1\annotated_images\W0112_4_tunnel (315).jpg,2,2,people_2-3__evidence_1-4,20260827
W0113,2,4_tunnel,4_tunnel (319).jpg,D:\ppe_pilot\source_disjoint_protocol_20260805_v3\rate_10pct\seed0\fold2\images\test\4_tunnel (319).jpg,audit\independent_worker_state_random_20260827_v1\annotated_images\W0113_4_tunnel (319).jpg,3,5,people_2-3__evidence_5-9,20260827
W0114,2,4_tunnel,4_tunnel (330).jpg,D:\ppe_pilot\source_disjoint_protocol_20260805_v3\rate_10pct\seed0\fold2\images\test\4_tunnel (330).jpg,audit\independent_worker_state_random_20260827_v1\annotated_images\W0114_4_tunnel (330).jpg,1,2,people_single__evidence_1-4,20260827
W0115,2,4_tunnel,4_tunnel (43).jpg,D:\ppe_pilot\source_disjoint_protocol_20260805_v3\rate_10pct\seed0\fold2\images\test\4_tunnel (43).jpg,audit\independent_worker_state_random_20260827_v1\annotated_images\W0115_4_tunnel (43).jpg,4,7,people_4+__evidence_5-9,20260827
W0116,2,4_tunnel,4_tunnel (51).jpg,D:\ppe_pilot\source_disjoint_protocol_20260805_v3\rate_10pct\seed0\fold2\images\test\4_tunnel (51).jpg,audit\independent_worker_state_random_20260827_v1\annotated_images\W0116_4_tunnel (51).jpg,1,0,people_single__evidence_none,20260827
W0117,2,4_tunnel,4_tunnel (55).jpg,D:\ppe_pilot\source_disjoint_protocol_20260805_v3\rate_10pct\seed0\fold2\images\test\4_tunnel (55).jpg,audit\independent_worker_state_random_20260827_v1\annotated_images\W0117_4_tunnel (55).jpg,3,5,people_2-3__evidence_5-9,20260827
W0118,2,4_tunnel,4_tunnel (68).jpg,D:\ppe_pilot\source_disjoint_protocol_20260805_v3\rate_10pct\seed0\fold2\images\test\4_tunnel (68).jpg,audit\independent_worker_state_random_20260827_v1\annotated_images\W0118_4_tunnel (68).jpg,2,3,people_2-3__evidence_1-4,20260827
W0119,2,4_tunnel,4_tunnel (85).jpg,D:\ppe_pilot\source_disjoint_protocol_20260805_v3\rate_10pct\seed0\fold2\images\test\4_tunnel (85).jpg,audit\independent_worker_state_random_20260827_v1\annotated_images\W0119_4_tunnel (85).jpg,8,2,people_4+__evidence_1-4,20260827
W0120,2,4_tunnel,4_tunnel (99).jpg,D:\ppe_pilot\source_disjoint_protocol_20260805_v3\rate_10pct\seed0\fold2\images\test\4_tunnel (99).jpg,audit\independent_worker_state_random_20260827_v1\annotated_images\W0120_4_tunnel (99).jpg,4,3,people_4+__evidence_1-4,20260827
W0121,0,5_tunnel,5_tunnel  (121).jpg,D:\ppe_pilot\source_disjoint_protocol_20260805_v3\rate_10pct\seed0\fold0\images\test\5_tunnel  (121).jpg,audit\independent_worker_state_random_20260827_v1\annotated_images\W0121_5_tunnel  (121).jpg,2,4,people_2-3__evidence_1-4,20260827
W0122,0,5_tunnel,5_tunnel  (126).jpg,D:\ppe_pilot\source_disjoint_protocol_20260805_v3\rate_10pct\seed0\fold0\images\test\5_tunnel  (126).jpg,audit\independent_worker_state_random_20260827_v1\annotated_images\W0122_5_tunnel  (126).jpg,1,2,people_single__evidence_1-4,20260827
W0123,0,5_tunnel,5_tunnel  (127).jpg,D:\ppe_pilot\source_disjoint_protocol_20260805_v3\rate_10pct\seed0\fold0\images\test\5_tunnel  (127).jpg,audit\independent_worker_state_random_20260827_v1\annotated_images\W0123_5_tunnel  (127).jpg,1,1,people_single__evidence_1-4,20260827
W0124,0,5_tunnel,5_tunnel  (13).jpg,D:\ppe_pilot\source_disjoint_protocol_20260805_v3\rate_10pct\seed0\fold0\images\test\5_tunnel  (13).jpg,audit\independent_worker_state_random_20260827_v1\annotated_images\W0124_5_tunnel  (13).jpg,3,5,people_2-3__evidence_5-9,20260827
W0125,0,5_tunnel,5_tunnel  (136).jpg,D:\ppe_pilot\source_disjoint_protocol_20260805_v3\rate_10pct\seed0\fold0\images\test\5_tunnel  (136).jpg,audit\independent_worker_state_random_20260827_v1\annotated_images\W0125_5_tunnel  (136).jpg,2,4,people_2-3__evidence_1-4,20260827
W0126,0,5_tunnel,5_tunnel  (151).jpg,D:\ppe_pilot\source_disjoint_protocol_20260805_v3\rate_10pct\seed0\fold0\images\test\5_tunnel  (151).jpg,audit\independent_worker_state_random_20260827_v1\annotated_images\W0126_5_tunnel  (151).jpg,3,6,people_2-3__evidence_5-9,20260827
W0127,0,5_tunnel,5_tunnel  (172).jpg,D:\ppe_pilot\source_disjoint_protocol_20260805_v3\rate_10pct\seed0\fold0\images\test\5_tunnel  (172).jpg,audit\independent_worker_state_random_20260827_v1\annotated_images\W0127_5_tunnel  (172).jpg,2,4,people_2-3__evidence_1-4,20260827
W0128,0,5_tunnel,5_tunnel  (182).jpg,D:\ppe_pilot\source_disjoint_protocol_20260805_v3\rate_10pct\seed0\fold0\images\test\5_tunnel  (182).jpg,audit\independent_worker_state_random_20260827_v1\annotated_images\W0128_5_tunnel  (182).jpg,8,0,people_4+__evidence_none,20260827
W0129,0,5_tunnel,5_tunnel  (183).jpg,D:\ppe_pilot\source_disjoint_protocol_20260805_v3\rate_10pct\seed0\fold0\images\test\5_tunnel  (183).jpg,audit\independent_worker_state_random_20260827_v1\annotated_images\W0129_5_tunnel  (183).jpg,2,2,people_2-3__evidence_1-4,20260827
W0130,0,5_tunnel,5_tunnel  (187).jpg,D:\ppe_pilot\source_disjoint_protocol_20260805_v3\rate_10pct\seed0\fold0\images\test\5_tunnel  (187).jpg,audit\independent_worker_state_random_20260827_v1\annotated_images\W0130_5_tunnel  (187).jpg,1,0,people_single__evidence_none,20260827
W0131,0,5_tunnel,5_tunnel  (191).jpg,D:\ppe_pilot\source_disjoint_protocol_20260805_v3\rate_10pct\seed0\fold0\images\test\5_tunnel  (191).jpg,audit\independent_worker_state_random_20260827_v1\annotated_images\W0131_5_tunnel  (191).jpg,1,0,people_single__evidence_none,20260827
W0132,0,5_tunnel,5_tunnel  (196).jpg,D:\ppe_pilot\source_disjoint_protocol_20260805_v3\rate_10pct\seed0\fold0\images\test\5_tunnel  (196).jpg,audit\independent_worker_state_random_20260827_v1\annotated_images\W0132_5_tunnel  (196).jpg,1,2,people_single__evidence_1-4,20260827
W0133,0,5_tunnel,5_tunnel  (200).jpg,D:\ppe_pilot\source_disjoint_protocol_20260805_v3\rate_10pct\seed0\fold0\images\test\5_tunnel  (200).jpg,audit\independent_worker_state_random_20260827_v1\annotated_images\W0133_5_tunnel  (200).jpg,1,2,people_single__evidence_1-4,20260827
W0134,0,5_tunnel,5_tunnel  (38).jpg,D:\ppe_pilot\source_disjoint_protocol_20260805_v3\rate_10pct\seed0\fold0\images\test\5_tunnel  (38).jpg,audit\independent_worker_state_random_20260827_v1\annotated_images\W0134_5_tunnel  (38).jpg,1,2,people_single__evidence_1-4,20260827
W0135,0,5_tunnel,5_tunnel  (6).jpg,D:\ppe_pilot\source_disjoint_protocol_20260805_v3\rate_10pct\seed0\fold0\images\test\5_tunnel  (6).jpg,audit\independent_worker_state_random_20260827_v1\annotated_images\W0135_5_tunnel  (6).jpg,2,3,people_2-3__evidence_1-4,20260827
W0136,0,5_tunnel,5_tunnel  (62).jpg,D:\ppe_pilot\source_disjoint_protocol_20260805_v3\rate_10pct\seed0\fold0\images\test\5_tunnel  (62).jpg,audit\independent_worker_state_random_20260827_v1\annotated_images\W0136_5_tunnel  (62).jpg,3,6,people_2-3__evidence_5-9,20260827
W0137,0,5_tunnel,5_tunnel  (68).jpg,D:\ppe_pilot\source_disjoint_protocol_20260805_v3\rate_10pct\seed0\fold0\images\test\5_tunnel  (68).jpg,audit\independent_worker_state_random_20260827_v1\annotated_images\W0137_5_tunnel  (68).jpg,1,2,people_single__evidence_1-4,20260827
W0138,0,5_tunnel,5_tunnel  (72).jpg,D:\ppe_pilot\source_disjoint_protocol_20260805_v3\rate_10pct\seed0\fold0\images\test\5_tunnel  (72).jpg,audit\independent_worker_state_random_20260827_v1\annotated_images\W0138_5_tunnel  (72).jpg,3,6,people_2-3__evidence_5-9,20260827
W0139,0,5_tunnel,5_tunnel  (8).jpg,D:\ppe_pilot\source_disjoint_protocol_20260805_v3\rate_10pct\seed0\fold0\images\test\5_tunnel  (8).jpg,audit\independent_worker_state_random_20260827_v1\annotated_images\W0139_5_tunnel  (8).jpg,1,2,people_single__evidence_1-4,20260827
W0140,0,5_tunnel,5_tunnel  (91).jpg,D:\ppe_pilot\source_disjoint_protocol_20260805_v3\rate_10pct\seed0\fold0\images\test\5_tunnel  (91).jpg,audit\independent_worker_state_random_20260827_v1\annotated_images\W0140_5_tunnel  (91).jpg,2,1,people_2-3__evidence_1-4,20260827
W0141,0,6_tunnel,6_tunnel  (10).jpg,D:\ppe_pilot\source_disjoint_protocol_20260805_v3\rate_10pct\seed0\fold0\images\test\6_tunnel  (10).jpg,audit\independent_worker_state_random_20260827_v1\annotated_images\W0141_6_tunnel  (10).jpg,2,4,people_2-3__evidence_1-4,20260827
W0142,0,6_tunnel,6_tunnel  (11).jpg,D:\ppe_pilot\source_disjoint_protocol_20260805_v3\rate_10pct\seed0\fold0\images\test\6_tunnel  (11).jpg,audit\independent_worker_state_random_20260827_v1\annotated_images\W0142_6_tunnel  (11).jpg,2,4,people_2-3__evidence_1-4,20260827
W0143,0,6_tunnel,6_tunnel  (127).jpg,D:\ppe_pilot\source_disjoint_protocol_20260805_v3\rate_10pct\seed0\fold0\images\test\6_tunnel  (127).jpg,audit\independent_worker_state_random_20260827_v1\annotated_images\W0143_6_tunnel  (127).jpg,4,8,people_4+__evidence_5-9,20260827
W0144,0,6_tunnel,6_tunnel  (145).jpg,D:\ppe_pilot\source_disjoint_protocol_20260805_v3\rate_10pct\seed0\fold0\images\test\6_tunnel  (145).jpg,audit\independent_worker_state_random_20260827_v1\annotated_images\W0144_6_tunnel  (145).jpg,1,2,people_single__evidence_1-4,20260827
W0145,0,6_tunnel,6_tunnel  (168).jpg,D:\ppe_pilot\source_disjoint_protocol_20260805_v3\rate_10pct\seed0\fold0\images\test\6_tunnel  (168).jpg,audit\independent_worker_state_random_20260827_v1\annotated_images\W0145_6_tunnel  (168).jpg,4,9,people_4+__evidence_5-9,20260827
W0146,0,6_tunnel,6_tunnel  (17).jpg,D:\ppe_pilot\source_disjoint_protocol_20260805_v3\rate_10pct\seed0\fold0\images\test\6_tunnel  (17).jpg,audit\independent_worker_state_random_20260827_v1\annotated_images\W0146_6_tunnel  (17).jpg,1,2,people_single__evidence_1-4,20260827
W0147,0,6_tunnel,6_tunnel  (170).jpg,D:\ppe_pilot\source_disjoint_protocol_20260805_v3\rate_10pct\seed0\fold0\images\test\6_tunnel  (170).jpg,audit\independent_worker_state_random_20260827_v1\annotated_images\W0147_6_tunnel  (170).jpg,6,11,people_4+__evidence_10+,20260827
W0148,0,6_tunnel,6_tunnel  (171).jpg,D:\ppe_pilot\source_disjoint_protocol_20260805_v3\rate_10pct\seed0\fold0\images\test\6_tunnel  (171).jpg,audit\independent_worker_state_random_20260827_v1\annotated_images\W0148_6_tunnel  (171).jpg,6,12,people_4+__evidence_10+,20260827
W0149,0,6_tunnel,6_tunnel  (20).jpg,D:\ppe_pilot\source_disjoint_protocol_20260805_v3\rate_10pct\seed0\fold0\images\test\6_tunnel  (20).jpg,audit\independent_worker_state_random_20260827_v1\annotated_images\W0149_6_tunnel  (20).jpg,2,4,people_2-3__evidence_1-4,20260827
W0150,0,6_tunnel,6_tunnel  (26).jpg,D:\ppe_pilot\source_disjoint_protocol_20260805_v3\rate_10pct\seed0\fold0\images\test\6_tunnel  (26).jpg,audit\independent_worker_state_random_20260827_v1\annotated_images\W0150_6_tunnel  (26).jpg,2,4,people_2-3__evidence_1-4,20260827
W0151,0,6_tunnel,6_tunnel  (33).jpg,D:\ppe_pilot\source_disjoint_protocol_20260805_v3\rate_10pct\seed0\fold0\images\test\6_tunnel  (33).jpg,audit\independent_worker_state_random_20260827_v1\annotated_images\W0151_6_tunnel  (33).jpg,1,0,people_single__evidence_none,20260827
W0152,0,6_tunnel,6_tunnel  (40).jpg,D:\ppe_pilot\source_disjoint_protocol_20260805_v3\rate_10pct\seed0\fold0\images\test\6_tunnel  (40).jpg,audit\independent_worker_state_random_20260827_v1\annotated_images\W0152_6_tunnel  (40).jpg,1,2,people_single__evidence_1-4,20260827
W0153,0,6_tunnel,6_tunnel  (52).jpg,D:\ppe_pilot\source_disjoint_protocol_20260805_v3\rate_10pct\seed0\fold0\images\test\6_tunnel  (52).jpg,audit\independent_worker_state_random_20260827_v1\annotated_images\W0153_6_tunnel  (52).jpg,1,2,people_single__evidence_1-4,20260827
W0154,0,6_tunnel,6_tunnel  (55).jpg,D:\ppe_pilot\source_disjoint_protocol_20260805_v3\rate_10pct\seed0\fold0\images\test\6_tunnel  (55).jpg,audit\independent_worker_state_random_20260827_v1\annotated_images\W0154_6_tunnel  (55).jpg,3,6,people_2-3__evidence_5-9,20260827
W0155,0,6_tunnel,6_tunnel  (75).jpg,D:\ppe_pilot\source_disjoint_protocol_20260805_v3\rate_10pct\seed0\fold0\images\test\6_tunnel  (75).jpg,audit\independent_worker_state_random_20260827_v1\annotated_images\W0155_6_tunnel  (75).jpg,6,9,people_4+__evidence_5-9,20260827
W0156,0,6_tunnel,6_tunnel  (79).jpg,D:\ppe_pilot\source_disjoint_protocol_20260805_v3\rate_10pct\seed0\fold0\images\test\6_tunnel  (79).jpg,audit\independent_worker_state_random_20260827_v1\annotated_images\W0156_6_tunnel  (79).jpg,3,9,people_2-3__evidence_5-9,20260827
W0157,0,6_tunnel,6_tunnel  (80).jpg,D:\ppe_pilot\source_disjoint_protocol_20260805_v3\rate_10pct\seed0\fold0\images\test\6_tunnel  (80).jpg,audit\independent_worker_state_random_20260827_v1\annotated_images\W0157_6_tunnel  (80).jpg,9,15,people_4+__evidence_10+,20260827
W0158,0,6_tunnel,6_tunnel  (90).jpg,D:\ppe_pilot\source_disjoint_protocol_20260805_v3\rate_10pct\seed0\fold0\images\test\6_tunnel  (90).jpg,audit\independent_worker_state_random_20260827_v1\annotated_images\W0158_6_tunnel  (90).jpg,10,18,people_4+__evidence_10+,20260827
W0159,0,6_tunnel,6_tunnel  (95).jpg,D:\ppe_pilot\source_disjoint_protocol_20260805_v3\rate_10pct\seed0\fold0\images\test\6_tunnel  (95).jpg,audit\independent_worker_state_random_20260827_v1\annotated_images\W0159_6_tunnel  (95).jpg,3,6,people_2-3__evidence_5-9,20260827
W0160,0,6_tunnel,6_tunnel  (97).jpg,D:\ppe_pilot\source_disjoint_protocol_20260805_v3\rate_10pct\seed0\fold0\images\test\6_tunnel  (97).jpg,audit\independent_worker_state_random_20260827_v1\annotated_images\W0160_6_tunnel  (97).jpg,4,8,people_4+__evidence_5-9,20260827
W0161,2,7_tunnel,7_tunnel (117).jpg,D:\ppe_pilot\source_disjoint_protocol_20260805_v3\rate_10pct\seed0\fold2\images\test\7_tunnel (117).jpg,audit\independent_worker_state_random_20260827_v1\annotated_images\W0161_7_tunnel (117).jpg,5,10,people_4+__evidence_10+,20260827
W0162,2,7_tunnel,7_tunnel (255).jpg,D:\ppe_pilot\source_disjoint_protocol_20260805_v3\rate_10pct\seed0\fold2\images\test\7_tunnel (255).jpg,audit\independent_worker_state_random_20260827_v1\annotated_images\W0162_7_tunnel (255).jpg,3,6,people_2-3__evidence_5-9,20260827
W0163,2,7_tunnel,7_tunnel (261).jpg,D:\ppe_pilot\source_disjoint_protocol_20260805_v3\rate_10pct\seed0\fold2\images\test\7_tunnel (261).jpg,audit\independent_worker_state_random_20260827_v1\annotated_images\W0163_7_tunnel (261).jpg,2,4,people_2-3__evidence_1-4,20260827
W0164,2,7_tunnel,7_tunnel (269).jpg,D:\ppe_pilot\source_disjoint_protocol_20260805_v3\rate_10pct\seed0\fold2\images\test\7_tunnel (269).jpg,audit\independent_worker_state_random_20260827_v1\annotated_images\W0164_7_tunnel (269).jpg,4,7,people_4+__evidence_5-9,20260827
W0165,2,7_tunnel,7_tunnel (270).jpg,D:\ppe_pilot\source_disjoint_protocol_20260805_v3\rate_10pct\seed0\fold2\images\test\7_tunnel (270).jpg,audit\independent_worker_state_random_20260827_v1\annotated_images\W0165_7_tunnel (270).jpg,4,7,people_4+__evidence_5-9,20260827
W0166,2,7_tunnel,7_tunnel (344).jpg,D:\ppe_pilot\source_disjoint_protocol_20260805_v3\rate_10pct\seed0\fold2\images\test\7_tunnel (344).jpg,audit\independent_worker_state_random_20260827_v1\annotated_images\W0166_7_tunnel (344).jpg,3,4,people_2-3__evidence_1-4,20260827
W0167,2,7_tunnel,7_tunnel (433).jpg,D:\ppe_pilot\source_disjoint_protocol_20260805_v3\rate_10pct\seed0\fold2\images\test\7_tunnel (433).jpg,audit\independent_worker_state_random_20260827_v1\annotated_images\W0167_7_tunnel (433).jpg,2,5,people_2-3__evidence_5-9,20260827
W0168,2,7_tunnel,7_tunnel (514).jpg,D:\ppe_pilot\source_disjoint_protocol_20260805_v3\rate_10pct\seed0\fold2\images\test\7_tunnel (514).jpg,audit\independent_worker_state_random_20260827_v1\annotated_images\W0168_7_tunnel (514).jpg,1,2,people_single__evidence_1-4,20260827
W0169,2,7_tunnel,7_tunnel (545).jpg,D:\ppe_pilot\source_disjoint_protocol_20260805_v3\rate_10pct\seed0\fold2\images\test\7_tunnel (545).jpg,audit\independent_worker_state_random_20260827_v1\annotated_images\W0169_7_tunnel (545).jpg,2,4,people_2-3__evidence_1-4,20260827
W0170,2,7_tunnel,7_tunnel (560).jpg,D:\ppe_pilot\source_disjoint_protocol_20260805_v3\rate_10pct\seed0\fold2\images\test\7_tunnel (560).jpg,audit\independent_worker_state_random_20260827_v1\annotated_images\W0170_7_tunnel (560).jpg,2,4,people_2-3__evidence_1-4,20260827
W0171,2,7_tunnel,7_tunnel (579).jpg,D:\ppe_pilot\source_disjoint_protocol_20260805_v3\rate_10pct\seed0\fold2\images\test\7_tunnel (579).jpg,audit\independent_worker_state_random_20260827_v1\annotated_images\W0171_7_tunnel (579).jpg,3,5,people_2-3__evidence_5-9,20260827
W0172,2,7_tunnel,7_tunnel (600).jpg,D:\ppe_pilot\source_disjoint_protocol_20260805_v3\rate_10pct\seed0\fold2\images\test\7_tunnel (600).jpg,audit\independent_worker_state_random_20260827_v1\annotated_images\W0172_7_tunnel (600).jpg,9,13,people_4+__evidence_10+,20260827
W0173,2,7_tunnel,7_tunnel (603).jpg,D:\ppe_pilot\source_disjoint_protocol_20260805_v3\rate_10pct\seed0\fold2\images\test\7_tunnel (603).jpg,audit\independent_worker_state_random_20260827_v1\annotated_images\W0173_7_tunnel (603).jpg,7,13,people_4+__evidence_10+,20260827
W0174,2,7_tunnel,7_tunnel (612).jpg,D:\ppe_pilot\source_disjoint_protocol_20260805_v3\rate_10pct\seed0\fold2\images\test\7_tunnel (612).jpg,audit\independent_worker_state_random_20260827_v1\annotated_images\W0174_7_tunnel (612).jpg,4,7,people_4+__evidence_5-9,20260827
W0175,2,7_tunnel,7_tunnel (661).jpg,D:\ppe_pilot\source_disjoint_protocol_20260805_v3\rate_10pct\seed0\fold2\images\test\7_tunnel (661).jpg,audit\independent_worker_state_random_20260827_v1\annotated_images\W0175_7_tunnel (661).jpg,4,8,people_4+__evidence_5-9,20260827
W0176,2,7_tunnel,7_tunnel (671).jpg,D:\ppe_pilot\source_disjoint_protocol_20260805_v3\rate_10pct\seed0\fold2\images\test\7_tunnel (671).jpg,audit\independent_worker_state_random_20260827_v1\annotated_images\W0176_7_tunnel (671).jpg,5,10,people_4+__evidence_10+,20260827
W0177,2,7_tunnel,7_tunnel (729).jpg,D:\ppe_pilot\source_disjoint_protocol_20260805_v3\rate_10pct\seed0\fold2\images\test\7_tunnel (729).jpg,audit\independent_worker_state_random_20260827_v1\annotated_images\W0177_7_tunnel (729).jpg,1,1,people_single__evidence_1-4,20260827
W0178,2,7_tunnel,7_tunnel (741).jpg,D:\ppe_pilot\source_disjoint_protocol_20260805_v3\rate_10pct\seed0\fold2\images\test\7_tunnel (741).jpg,audit\independent_worker_state_random_20260827_v1\annotated_images\W0178_7_tunnel (741).jpg,1,2,people_single__evidence_1-4,20260827
W0179,2,7_tunnel,7_tunnel (779).jpg,D:\ppe_pilot\source_disjoint_protocol_20260805_v3\rate_10pct\seed0\fold2\images\test\7_tunnel (779).jpg,audit\independent_worker_state_random_20260827_v1\annotated_images\W0179_7_tunnel (779).jpg,1,2,people_single__evidence_1-4,20260827
W0180,2,7_tunnel,7_tunnel (92).jpg,D:\ppe_pilot\source_disjoint_protocol_20260805_v3\rate_10pct\seed0\fold2\images\test\7_tunnel (92).jpg,audit\independent_worker_state_random_20260827_v1\annotated_images\W0180_7_tunnel (92).jpg,3,6,people_2-3__evidence_5-9,20260827
W0181,0,8_tunnel,8_tunnel.jpg (100).jpg,D:\ppe_pilot\source_disjoint_protocol_20260805_v3\rate_10pct\seed0\fold0\images\test\8_tunnel.jpg (100).jpg,audit\independent_worker_state_random_20260827_v1\annotated_images\W0181_8_tunnel.jpg (100).jpg,3,6,people_2-3__evidence_5-9,20260827
W0182,0,8_tunnel,8_tunnel.jpg (108).jpg,D:\ppe_pilot\source_disjoint_protocol_20260805_v3\rate_10pct\seed0\fold0\images\test\8_tunnel.jpg (108).jpg,audit\independent_worker_state_random_20260827_v1\annotated_images\W0182_8_tunnel.jpg (108).jpg,3,4,people_2-3__evidence_1-4,20260827
W0183,0,8_tunnel,8_tunnel.jpg (114).jpg,D:\ppe_pilot\source_disjoint_protocol_20260805_v3\rate_10pct\seed0\fold0\images\test\8_tunnel.jpg (114).jpg,audit\independent_worker_state_random_20260827_v1\annotated_images\W0183_8_tunnel.jpg (114).jpg,2,4,people_2-3__evidence_1-4,20260827
W0184,0,8_tunnel,8_tunnel.jpg (130).jpg,D:\ppe_pilot\source_disjoint_protocol_20260805_v3\rate_10pct\seed0\fold0\images\test\8_tunnel.jpg (130).jpg,audit\independent_worker_state_random_20260827_v1\annotated_images\W0184_8_tunnel.jpg (130).jpg,1,2,people_single__evidence_1-4,20260827
W0185,0,8_tunnel,8_tunnel.jpg (132).jpg,D:\ppe_pilot\source_disjoint_protocol_20260805_v3\rate_10pct\seed0\fold0\images\test\8_tunnel.jpg (132).jpg,audit\independent_worker_state_random_20260827_v1\annotated_images\W0185_8_tunnel.jpg (132).jpg,1,2,people_single__evidence_1-4,20260827
W0186,0,8_tunnel,8_tunnel.jpg (135).jpg,D:\ppe_pilot\source_disjoint_protocol_20260805_v3\rate_10pct\seed0\fold0\images\test\8_tunnel.jpg (135).jpg,audit\independent_worker_state_random_20260827_v1\annotated_images\W0186_8_tunnel.jpg (135).jpg,1,2,people_single__evidence_1-4,20260827
W0187,0,8_tunnel,8_tunnel.jpg (16).jpg,D:\ppe_pilot\source_disjoint_protocol_20260805_v3\rate_10pct\seed0\fold0\images\test\8_tunnel.jpg (16).jpg,audit\independent_worker_state_random_20260827_v1\annotated_images\W0187_8_tunnel.jpg (16).jpg,1,2,people_single__evidence_1-4,20260827
W0188,0,8_tunnel,8_tunnel.jpg (22).jpg,D:\ppe_pilot\source_disjoint_protocol_20260805_v3\rate_10pct\seed0\fold0\images\test\8_tunnel.jpg (22).jpg,audit\independent_worker_state_random_20260827_v1\annotated_images\W0188_8_tunnel.jpg (22).jpg,1,2,people_single__evidence_1-4,20260827
W0189,0,8_tunnel,8_tunnel.jpg (28).jpg,D:\ppe_pilot\source_disjoint_protocol_20260805_v3\rate_10pct\seed0\fold0\images\test\8_tunnel.jpg (28).jpg,audit\independent_worker_state_random_20260827_v1\annotated_images\W0189_8_tunnel.jpg (28).jpg,2,4,people_2-3__evidence_1-4,20260827
W0190,0,8_tunnel,8_tunnel.jpg (29).jpg,D:\ppe_pilot\source_disjoint_protocol_20260805_v3\rate_10pct\seed0\fold0\images\test\8_tunnel.jpg (29).jpg,audit\independent_worker_state_random_20260827_v1\annotated_images\W0190_8_tunnel.jpg (29).jpg,2,4,people_2-3__evidence_1-4,20260827
W0191,0,8_tunnel,8_tunnel.jpg (32).jpg,D:\ppe_pilot\source_disjoint_protocol_20260805_v3\rate_10pct\seed0\fold0\images\test\8_tunnel.jpg (32).jpg,audit\independent_worker_state_random_20260827_v1\annotated_images\W0191_8_tunnel.jpg (32).jpg,2,4,people_2-3__evidence_1-4,20260827
W0192,0,8_tunnel,8_tunnel.jpg (35).jpg,D:\ppe_pilot\source_disjoint_protocol_20260805_v3\rate_10pct\seed0\fold0\images\test\8_tunnel.jpg (35).jpg,audit\independent_worker_state_random_20260827_v1\annotated_images\W0192_8_tunnel.jpg (35).jpg,2,4,people_2-3__evidence_1-4,20260827
W0193,0,8_tunnel,8_tunnel.jpg (5).jpg,D:\ppe_pilot\source_disjoint_protocol_20260805_v3\rate_10pct\seed0\fold0\images\test\8_tunnel.jpg (5).jpg,audit\independent_worker_state_random_20260827_v1\annotated_images\W0193_8_tunnel.jpg (5).jpg,1,2,people_single__evidence_1-4,20260827
W0194,0,8_tunnel,8_tunnel.jpg (59).jpg,D:\ppe_pilot\source_disjoint_protocol_20260805_v3\rate_10pct\seed0\fold0\images\test\8_tunnel.jpg (59).jpg,audit\independent_worker_state_random_20260827_v1\annotated_images\W0194_8_tunnel.jpg (59).jpg,1,2,people_single__evidence_1-4,20260827
W0195,0,8_tunnel,8_tunnel.jpg (87).jpg,D:\ppe_pilot\source_disjoint_protocol_20260805_v3\rate_10pct\seed0\fold0\images\test\8_tunnel.jpg (87).jpg,audit\independent_worker_state_random_20260827_v1\annotated_images\W0195_8_tunnel.jpg (87).jpg,2,4,people_2-3__evidence_1-4,20260827
W0196,0,8_tunnel,8_tunnel.jpg (90).jpg,D:\ppe_pilot\source_disjoint_protocol_20260805_v3\rate_10pct\seed0\fold0\images\test\8_tunnel.jpg (90).jpg,audit\independent_worker_state_random_20260827_v1\annotated_images\W0196_8_tunnel.jpg (90).jpg,3,6,people_2-3__evidence_5-9,20260827
W0197,0,8_tunnel,8_tunnel.jpg (93).jpg,D:\ppe_pilot\source_disjoint_protocol_20260805_v3\rate_10pct\seed0\fold0\images\test\8_tunnel.jpg (93).jpg,audit\independent_worker_state_random_20260827_v1\annotated_images\W0197_8_tunnel.jpg (93).jpg,3,6,people_2-3__evidence_5-9,20260827
W0198,0,8_tunnel,8_tunnel.jpg (95).jpg,D:\ppe_pilot\source_disjoint_protocol_20260805_v3\rate_10pct\seed0\fold0\images\test\8_tunnel.jpg (95).jpg,audit\independent_worker_state_random_20260827_v1\annotated_images\W0198_8_tunnel.jpg (95).jpg,3,6,people_2-3__evidence_5-9,20260827
W0199,0,8_tunnel,8_tunnel.jpg (96).jpg,D:\ppe_pilot\source_disjoint_protocol_20260805_v3\rate_10pct\seed0\fold0\images\test\8_tunnel.jpg (96).jpg,audit\independent_worker_state_random_20260827_v1\annotated_images\W0199_8_tunnel.jpg (96).jpg,3,6,people_2-3__evidence_5-9,20260827
W0200,0,8_tunnel,8_tunnel.jpg (99).jpg,D:\ppe_pilot\source_disjoint_protocol_20260805_v3\rate_10pct\seed0\fold0\images\test\8_tunnel.jpg (99).jpg,audit\independent_worker_state_random_20260827_v1\annotated_images\W0200_8_tunnel.jpg (99).jpg,3,6,people_2-3__evidence_5-9,20260827
W0201,1,9_tunnel,9_tunnel (1012).jpg,D:\ppe_pilot\source_disjoint_protocol_20260805_v3\rate_10pct\seed0\fold1\images\test\9_tunnel (1012).jpg,audit\independent_worker_state_random_20260827_v1\annotated_images\W0201_9_tunnel (1012).jpg,6,12,people_4+__evidence_10+,20260827
W0202,1,9_tunnel,9_tunnel (1102).jpg,D:\ppe_pilot\source_disjoint_protocol_20260805_v3\rate_10pct\seed0\fold1\images\test\9_tunnel (1102).jpg,audit\independent_worker_state_random_20260827_v1\annotated_images\W0202_9_tunnel (1102).jpg,2,4,people_2-3__evidence_1-4,20260827
W0203,1,9_tunnel,9_tunnel (13).jpg,D:\ppe_pilot\source_disjoint_protocol_20260805_v3\rate_10pct\seed0\fold1\images\test\9_tunnel (13).jpg,audit\independent_worker_state_random_20260827_v1\annotated_images\W0203_9_tunnel (13).jpg,4,4,people_4+__evidence_1-4,20260827
W0204,1,9_tunnel,9_tunnel (15).jpg,D:\ppe_pilot\source_disjoint_protocol_20260805_v3\rate_10pct\seed0\fold1\images\test\9_tunnel (15).jpg,audit\independent_worker_state_random_20260827_v1\annotated_images\W0204_9_tunnel (15).jpg,2,3,people_2-3__evidence_1-4,20260827
W0205,1,9_tunnel,9_tunnel (19).jpg,D:\ppe_pilot\source_disjoint_protocol_20260805_v3\rate_10pct\seed0\fold1\images\test\9_tunnel (19).jpg,audit\independent_worker_state_random_20260827_v1\annotated_images\W0205_9_tunnel (19).jpg,3,2,people_2-3__evidence_1-4,20260827
W0206,1,9_tunnel,9_tunnel (24).jpg,D:\ppe_pilot\source_disjoint_protocol_20260805_v3\rate_10pct\seed0\fold1\images\test\9_tunnel (24).jpg,audit\independent_worker_state_random_20260827_v1\annotated_images\W0206_9_tunnel (24).jpg,1,2,people_single__evidence_1-4,20260827
W0207,1,9_tunnel,9_tunnel (280).jpg,D:\ppe_pilot\source_disjoint_protocol_20260805_v3\rate_10pct\seed0\fold1\images\test\9_tunnel (280).jpg,audit\independent_worker_state_random_20260827_v1\annotated_images\W0207_9_tunnel (280).jpg,6,2,people_4+__evidence_1-4,20260827
W0208,1,9_tunnel,9_tunnel (283).jpg,D:\ppe_pilot\source_disjoint_protocol_20260805_v3\rate_10pct\seed0\fold1\images\test\9_tunnel (283).jpg,audit\independent_worker_state_random_20260827_v1\annotated_images\W0208_9_tunnel (283).jpg,6,4,people_4+__evidence_1-4,20260827
W0209,1,9_tunnel,9_tunnel (332).jpg,D:\ppe_pilot\source_disjoint_protocol_20260805_v3\rate_10pct\seed0\fold1\images\test\9_tunnel (332).jpg,audit\independent_worker_state_random_20260827_v1\annotated_images\W0209_9_tunnel (332).jpg,2,4,people_2-3__evidence_1-4,20260827
W0210,1,9_tunnel,9_tunnel (34).jpg,D:\ppe_pilot\source_disjoint_protocol_20260805_v3\rate_10pct\seed0\fold1\images\test\9_tunnel (34).jpg,audit\independent_worker_state_random_20260827_v1\annotated_images\W0210_9_tunnel (34).jpg,3,5,people_2-3__evidence_5-9,20260827
W0211,1,9_tunnel,9_tunnel (356).jpg,D:\ppe_pilot\source_disjoint_protocol_20260805_v3\rate_10pct\seed0\fold1\images\test\9_tunnel (356).jpg,audit\independent_worker_state_random_20260827_v1\annotated_images\W0211_9_tunnel (356).jpg,1,1,people_single__evidence_1-4,20260827
W0212,1,9_tunnel,9_tunnel (427).jpg,D:\ppe_pilot\source_disjoint_protocol_20260805_v3\rate_10pct\seed0\fold1\images\test\9_tunnel (427).jpg,audit\independent_worker_state_random_20260827_v1\annotated_images\W0212_9_tunnel (427).jpg,3,6,people_2-3__evidence_5-9,20260827
W0213,1,9_tunnel,9_tunnel (457).jpg,D:\ppe_pilot\source_disjoint_protocol_20260805_v3\rate_10pct\seed0\fold1\images\test\9_tunnel (457).jpg,audit\independent_worker_state_random_20260827_v1\annotated_images\W0213_9_tunnel (457).jpg,4,6,people_4+__evidence_5-9,20260827
W0214,1,9_tunnel,9_tunnel (571).jpg,D:\ppe_pilot\source_disjoint_protocol_20260805_v3\rate_10pct\seed0\fold1\images\test\9_tunnel (571).jpg,audit\independent_worker_state_random_20260827_v1\annotated_images\W0214_9_tunnel (571).jpg,3,5,people_2-3__evidence_5-9,20260827
W0215,1,9_tunnel,9_tunnel (621).jpg,D:\ppe_pilot\source_disjoint_protocol_20260805_v3\rate_10pct\seed0\fold1\images\test\9_tunnel (621).jpg,audit\independent_worker_state_random_20260827_v1\annotated_images\W0215_9_tunnel (621).jpg,4,6,people_4+__evidence_5-9,20260827
W0216,1,9_tunnel,9_tunnel (672).jpg,D:\ppe_pilot\source_disjoint_protocol_20260805_v3\rate_10pct\seed0\fold1\images\test\9_tunnel (672).jpg,audit\independent_worker_state_random_20260827_v1\annotated_images\W0216_9_tunnel (672).jpg,1,2,people_single__evidence_1-4,20260827
W0217,1,9_tunnel,9_tunnel (732).jpg,D:\ppe_pilot\source_disjoint_protocol_20260805_v3\rate_10pct\seed0\fold1\images\test\9_tunnel (732).jpg,audit\independent_worker_state_random_20260827_v1\annotated_images\W0217_9_tunnel (732).jpg,1,2,people_single__evidence_1-4,20260827
W0218,1,9_tunnel,9_tunnel (802).jpg,D:\ppe_pilot\source_disjoint_protocol_20260805_v3\rate_10pct\seed0\fold1\images\test\9_tunnel (802).jpg,audit\independent_worker_state_random_20260827_v1\annotated_images\W0218_9_tunnel (802).jpg,7,13,people_4+__evidence_10+,20260827
W0219,1,9_tunnel,9_tunnel (807).jpg,D:\ppe_pilot\source_disjoint_protocol_20260805_v3\rate_10pct\seed0\fold1\images\test\9_tunnel (807).jpg,audit\independent_worker_state_random_20260827_v1\annotated_images\W0219_9_tunnel (807).jpg,10,15,people_4+__evidence_10+,20260827
W0220,1,9_tunnel,9_tunnel (987).jpg,D:\ppe_pilot\source_disjoint_protocol_20260805_v3\rate_10pct\seed0\fold1\images\test\9_tunnel (987).jpg,audit\independent_worker_state_random_20260827_v1\annotated_images\W0220_9_tunnel (987).jpg,4,7,people_4+__evidence_5-9,20260827
